ID,Abbr,ArXiv,ArXivDate,NewestDate,Title,Authors,Insitutions,Publish,DOI,Demo,Tags,Github
bai2022a3t,A3T,2203.09690v2,2022.03.18,2022.06.18,A$^3$T: Alignment-Aware Acoustic and Text Pretraining for Speech Synthesis and Editing,"He Bai, Renjie Zheng, Junkun Chen, Xintong Li, Mingbo Ma, Liang Huang",,ICML2022,,,,
dhariwal2021diffusion,ADM,2105.05233v4,2021.05.11,2021.06.01,Diffusion Models Beat GANs on Image Synthesis,"Prafulla Dhariwal, Alex Nichol",,,,,,
bu2017aishell-1,AISHELL-1,1709.05522v1,2017.09.16,2017.09.16,AISHELL-1: An Open-Source Mandarin Speech Corpus and a Speech Recognition Baseline,"Hui Bu, Jiayu Du, Xingyu Na, Bengu Wu, Hao Zheng",,,,,,
du2018aishell-2,AISHELL-2,1808.10583v2,2018.08.31,2018.09.13,AISHELL-2: Transforming Mandarin ASR Research Into Industrial Scale,"Jiayu Du, Xingyu Na, Xuechen Liu, Hui Bu",,,,,,
shi2020aishell-3,AISHELL-3,2010.11567v2,2020.10.22,2021.04.22,AISHELL-3: A Multi-Speaker Mandarin TTS Corpus and the Baselines,"Yao Shi, Hui Bu, Xin Xu, Shaoji Zhang, Ming Li",,,,,,
fu2021aishell-4,AISHELL-4,2104.03603v4,2021.04.08,2021.08.10,"AISHELL-4: An Open Source Dataset for Speech Enhancement, Separation, Recognition and Speaker Diarization in Conference Scenario","Yihui Fu, Luyao Cheng, Shubo Lv, Yukai Jv, Yuxiang Kong, Zhuo Chen, Yanxin Hu, Lei Xie, Jian Wu, Hui Bu, Xin Xu, Jun Du, Jingdong Chen",,,,,,
dai2025aishell-5,AISHELL-5,2505.23036v1,2025.05.29,2025.05.29,AISHELL-5: The First Open-Source in-Car Multi-Channel Multi-Speaker Speech Dataset for Automatic Speech Diarization and Recognition,"Yuhang Dai, He Wang, Xingchen Li, Zihan Zhang, Shuiyuan Wang, Lei Xie, Xin Xu, Hongxiao Guo, Shaoji Zhang, Hui Bu, Wei Chen",,,,,,
chen2022aishell-ner,AISHELL-NER,2202.08533v1,2022.02.17,2022.02.17,AISHELL-NER: Named Entity Recognition From Chinese Speech,"Boli Chen, Guangwei Xu, Xiaobin Wang, Pengjun Xie, Meishan Zhang, Fei Huang",,,,,,
liu2024autoregressive,ARDiT,2406.05551v1,2024.06.08,2024.06.08,Autoregressive Diffusion Transformer for Text-to-Speech Synthesis,"Zhijun Liu, Shuai Wang, Sho Inoue, Qibing Bai, Haizhou Li",,,,,,
liu2024autoregressive,ARDiT,2406.05551v1,2024.06.08,2024.06.08,Autoregressive Diffusion Transformer for Text-to-Speech Synthesis,"Zhijun Liu, Shuai Wang, Sho Inoue, Qibing Bai, Haizhou Li",,,,,,
pagliardini2024the,AdEMAMix,2409.03137v2,2024.09.05,2024.09.27,"The AdEMAMix Optimizer: Better, Faster, Older","Matteo Pagliardini, Pierre Ablin, David Grangier",,,,,,
lv2023adalomo,AdaLomo,2310.10195v3,2023.10.16,2024.06.06,AdaLomo: Low-Memory Optimization With Adaptive Learning Rate,"Kai Lv, Hang Yan, Qipeng Guo, Haijun Lv, Xipeng Qiu",,,,,,
shazeer2018adafactor,Adafactor,1804.04235v1,2018.04.11,2018.04.11,Adafactor: Adaptive Learning Rates With Sublinear Memory Cost,"Noam Shazeer, Mitchell Stern",,,,,,
kingma2014adam,Adam,1412.6980v9,2014.12.22,2017.01.30,Adam: A Method for Stochastic Optimization,"Diederik P. Kingma, Jimmy Ba",,,,,,
loshchilov2017decoupled,AdamW,1711.05101v3,2017.11.14,2019.01.04,Decoupled Weight Decay Regularization,"Ilya Loshchilov, Frank Hutter",,,,,,
shi2026affectcodec,AffectCodec,2605.11098v1,2026.05.11,2026.05.11,AffectCodec: Emotion-Preserving Neural Speech Codec for Expressive Speech Modeling,"Jiacheng Shi, Hongfei Du, Xinyuan Song, Y. Alicia Hong, Yanfu Zhang, Ye Gao",,,,,,
lin2024align-slm,Align-SLM,2411.01834v2,2024.11.04,2025.05.27,Align-SLM: Textless Spoken Language Models With Reinforcement Learning From AI Feedback,"Guan-Ting Lin, Prashanth Gurunath Shivakumar, Aditya Gourav, Yile Gu, Ankur Gandhe, Hung-yi Lee, Ivan Bulyko",,,,,,
zeng2020aligntts,AlignTTS,2003.01950v1,2020.03.04,2020.03.04,AlignTTS: Efficient Feed-Forward Text-to-Speech System Without Explicit Alignment,"Zhen Zeng, Jianzong Wang, Ning Cheng, Tian Xia, Jing Xiao",,ICASSP2020,,,,
zhan2024anygpt,AnyGPT,2402.12226v5,2024.02.19,2025.09.08,AnyGPT: Unified Multimodal LLM With Discrete Sequence Modeling,"Jun Zhan, Junqi Dai, Jiasheng Ye, Yunhua Zhou, Dong Zhang, Zhigeng Liu, Xin Zhang, Ruibin Yuan, Ge Zhang, Linyang Li, Hang Yan, Jie Fu, Tao Gui, Tianxiang Sun, Yu-Gang Jiang, Xipeng Qiu",,,,,,
wu2023audiodec,AudioDec,2305.16608v1,2023.05.26,2023.05.26,AudioDec: An Open-Source Streaming High-Fidelity Neural Audio Codec,"Yi-Chiao Wu, Israel D. Gebru, Dejan Marković, Alexander Richard",,,,,,
borsos2022audiolm,AudioLM,2209.03143v2,2022.09.07,2023.07.26,AudioLM: A Language Modeling Approach to Audio Generation,"Zalán Borsos, Raphaël Marinier, Damien Vincent, Eugene Kharitonov, Olivier Pietquin, Matt Sharifi, Dominik Roblek, Olivier Teboul, David Grangier, Marco Tagliasacchi, Neil Zeghidour",,,,,,
k.2023audiopalm,AudioPaLM,2306.12925v1,2023.06.22,2023.06.22,AudioPaLM: A Large Language Model That Can Speak and Listen,"Paul K. Rubenstein, Chulayuth Asawaroengchai, Duc Dung Nguyen, Ankur Bapna, Zalán Borsos, Félix de Chaumont Quitry, Peter Chen, Dalia El Badawy, Wei Han, Eugene Kharitonov, Hannah Muckenhirn, Dirk Padfield, James Qin, Danny Rozenberg, Tara Sainath, Johan Schalkwyk, Matt Sharifi, Michelle Tadmor Ramanovich, Marco Tagliasacchi, Alexandru Tudor, Mihajlo Velimirović, Damien Vincent, Jiahui Yu, Yongqiang Wang, Vicky Zayats, Neil Zeghidour, Yu Zhang, Zhishuai Zhang, Lukas Zilka, Christian Frank",,,,,,
vyas2023audiobox,Audiobox,2312.15821v1,2023.12.25,2023.12.25,Audiobox: Unified Audio Generation With Natural Language Prompts,"Apoorv Vyas, Bowen Shi, Matthew Le, Andros Tjandra, Yi-Chiao Wu, Baishan Guo, Jiemin Zhang, Xinyue Zhang, Robert Adkins, William Ngan, Jeff Wang, Ivan Cruz, Bapi Akula, Akinniyi Akinyemi, Brian Ellis, Rashel Moritz, Yael Yungster, Alice Rakotoarison, Liang Tan, Chris Summers, Carleigh Wood, Joshua Lane, Mary Williamson, Wei-Ning Hsu",,,,,,
wang2026augcodec,AugCodec,2606.21893v1,2026.06.20,2026.06.20,AugCodec: A Low-Bitrate Disentangled Neural Speech Codec via Data Augmentation,"Dongmei Wang, Xiaohang Sun, Yang Liu, Fanjie Kong, Abhishek Yanamandra, Abhinav Jain, Daniel Tompkins, Woohyun Kang, Najmeh Sadoughi, Sunil Hadap, Xiang Hao, Zhu Liu, Caren Chen",,,,,,
łajszczak2024base,BASE TTS,2402.08093v2,2024.02.12,2024.02.15,BASE TTS: Lessons From Building a Billion-Parameter Text-to-Speech Model on 100K Hours of Data,"Mateusz Łajszczak, Guillermo Cámbara, Yang Li, Fatih Beyhan, Arent van Korlaar, Fan Yang, Arnaud Joly, Álvaro Martín-Cortinas, Ammar Abbas, Adam Michalski, Alexis Moinet, Sri Karlapati, Ewa Muszyńska, Haohan Guo, Bartosz Putrycz, Soledad López Gambino, Kayeon Yoo, Elena Sokolova, Thomas Drugman",,,,,,
chen2022beats,BEATS,2212.09058v1,2022.12.18,2022.12.18,BEATs: Audio Pre-Training With Acoustic Tokenizers,"Sanyuan Chen, Yu Wu, Chengyi Wang, Shujie Liu, Daniel Tompkins, Zhuo Chen, Furu Wei",,,,,,
sennrich2015neural,BPE,1508.07909v5,2015.08.31,2016.06.10,Neural Machine Translation of Rare Words With Subword Units,"Rico Sennrich, Barry Haddow, Alexandra Birch",,,,,,
li2024baichuan-omni,Baichuan-Omni,2410.08565v4,2024.10.11,2024.12.27,Baichuan-Omni Technical Report,"Yadong Li, Haoze Sun, Mingan Lin, Tianpeng Li, Guosheng Dong, Tao Zhang, Bowen Ding, Wei Song, Zhenglin Cheng, Yuqi Huo, Song Chen, Xu Li, Da Pan, Shusen Zhang, Xin Wu, Zheng Liang, Jun Liu, Tao Zhang, Keer Lu, Yaqi Zhao, Yanjun Shen, Fan Yang, Kaicheng Yu, Tao Lin, Jianhua Xu, Zenan Zhou, Weipeng Chen",,,,,,
xin2024bigcodec,BigCodec,2409.05377v1,2024.09.09,2024.09.09,BigCodec: Pushing the Limits of Low-Bitrate Neural Speech Codec,"Detai Xin, Xu Tan, Shinnosuke Takamichi, Hiroshi Saruwatari",,,,,,
lee2022bigvgan,BigVGAN,2206.04658v2,2022.06.09,2023.02.16,BigVGAN: A Universal Neural Vocoder With Large-Scale Training,"Sang-gil Lee, Wei Ping, Boris Ginsburg, Bryan Catanzaro, Sungroh Yoon",,,,,,
ho2022classifier,CFG,2207.12598v1,2022.07.26,2022.07.26,Classifier-Free Diffusion Guidance,,,,,,Basic,
fan2025cfg-zero*,CFG-Zero,2503.18886v2,2025.03.24,2025.04.03,CFG-Zero*: Improved Classifier-Free Guidance for Flow Matching Models,"Weichen Fan, Amber Yijia Zheng, Raymond A. Yeh, Ziwei Liu",,,,,,
yat2025clear,CLEAR,2508.19098v1,2025.08.26,2025.08.26,CLEAR: Continuous Latent Autoregressive Modeling for High-Quality and Low-Latency Speech Synthesis,"Chun Yat Wu, Jiajun Deng, Guinan Li, Qiuqiang Kong, Simon Lui",,,,,,
pan2023cosmic,COSMIC,2311.02248v2,2023.11.03,2024.06.14,COSMIC: Data Efficient Instruction-Tuning for Speech in-Context Learning,"Jing Pan, Jian Wu, Yashesh Gaur, Sunit Sivasankaran, Zhuo Chen, Shujie Liu, Jinyu Li",,,,,,
shirish2019ctrl,CTRL,1909.05858v2,2019.09.11,2019.09.20,CTRL: A Conditional Transformer Language Model for Controllable Generation,"Nitish Shirish Keskar, Bryan McCann, Lav R. Varshney, Caiming Xiong, Richard Socher",,,,,,
wang2025capspeech,CapSpeech,2506.02863v2,2025.06.03,2025.09.26,CapSpeech: Enabling Downstream Applications in Style-Captioned Text-to-Speech,"Helin Wang, Jiarui Hai, Dading Chong, Karan Thakkar, Tiantian Feng, Dongchao Yang, Junhyeok Lee, Thomas Thebaud, Laureano Moro Velazquez, Jesus Villalba, Zengyi Qin, Shrikanth Narayanan, Mounya Elhiali, Najim Dehak",,,,,,
rozière2023code,Code LLaMA,2308.12950v3,2023.08.24,2024.01.31,Code Llama: Open Foundation Models for Code,"Baptiste Rozière, Jonas Gehring, Fabian Gloeckle, Sten Sootla, Itai Gat, Xiaoqing Ellen Tan, Yossi Adi, Jingyu Liu, Romain Sauvestre, Tal Remez, Jérémy Rapin, Artyom Kozhevnikov, Ivan Evtimov, Joanna Bitton, Manish Bhatt, Cristian Canton Ferrer, Aaron Grattafiori, Wenhan Xiong, Alexandre Défossez, Jade Copet, Faisal Azhar, Hugo Touvron, Louis Martin, Nicolas Usunier, Thomas Scialom, Gabriel Synnaeve",,,,,,
ardila2019common,Common Voice,1912.06670v2,2019.12.13,2020.03.05,Common Voice: A Massively-Multilingual Speech Corpus,"Rosana Ardila, Megan Branson, Kelly Davis, Michael Henretty, Michael Kohler, Josh Meyer, Reuben Morais, Lindsay Saunders, Francis M. Tyers, Gregor Weber",,,,,Dataset,
,CommonVoice,,,,,,,,,,,
gulati2020conformer,Conformer,2005.08100v1,2020.05.16,2020.05.16,Conformer: Convolution-Augmented Transformer for Speech Recognition,"Anmol Gulati, James Qin, Chung-Cheng Chiu, Niki Parmar, Yu Zhang, Jiahui Yu, Wei Han, Shibo Wang, Zhengdong Zhang, Yonghui Wu, Ruoming Pang",,,,,,
ji2024controlspeech,ControlSpeech,2406.01205v3,2024.06.03,2025.06.04,ControlSpeech: Towards Simultaneous and Independent Zero-Shot Speaker Cloning and Zero-Shot Language Style Control,"Shengpeng Ji, Qian Chen, Wen Wang, Jialong Zuo, Minghui Fang, Ziyue Jiang, Hai Huang, Zehan Wang, Xize Cheng, Siqi Zheng, Zhou Zhao",,ACL2025,,,,
liu2022convnet,ConvNeXt,2201.03545v2,2022.01.10,2022.03.02,A ConvNet for the 2020s,"Zhuang Liu, Hanzi Mao, Chao-Yuan Wu, Christoph Feichtenhofer, Trevor Darrell, Saining Xie",,,,,,
woo2023convnextv2,ConvNeXt V2,2301.00808v1,2023.01.02,2023.01.02,ConvNeXt V2: Co-Designing and Scaling ConvNets With Masked Autoencoders,"Sanghyun Woo, Shoubhik Debnath, Ronghang Hu, Xinlei Chen, Zhuang Liu, In So Kweon, Saining Xie",,CVPR2023,,,,
du2024cosyvoice,CosyVoice,2407.05407v2,2024.07.07,2024.07.09,CosyVoice: A Scalable Multilingual Zero-Shot Text-to-Speech Synthesizer Based on Supervised Semantic Tokens,"Zhihao Du, Qian Chen, Shiliang Zhang, Kai Hu, Heng Lu, Yexin Yang, Hangrui Hu, Siqi Zheng, Yue Gu, Ziyang Ma, Zhifu Gao, Zhijie Yan",,,,,,
du2024cosyvoice,CosyVoice2,2412.10117v3,2024.12.13,2024.12.25,CosyVoice 2: Scalable Streaming Speech Synthesis With Large Language Models,"Zhihao Du, Yuxuan Wang, Qian Chen, Xian Shi, Xiang Lv, Tianyu Zhao, Zhifu Gao, Yexin Yang, Changfeng Gao, Hui Wang, Fan Yu, Huadai Liu, Zhengyan Sheng, Yue Gu, Chong Deng, Wen Wang, Shiliang Zhang, Zhijie Yan, Jingren Zhou",,,,,,
du2025cosyvoice,CosyVoice3,2505.17589v2,2025.05.23,2025.05.27,CosyVoice 3: Towards in-the-Wild Speech Generation via Scaling-Up and Post-Training,"Zhihao Du, Changfeng Gao, Yuxuan Wang, Fan Yu, Tianyu Zhao, Hao Wang, Xiang Lv, Hui Wang, Chongjia Ni, Xian Shi, Keyu An, Guanrou Yang, Yabin Li, Yanni Chen, Zhifu Gao, Qian Chen, Yue Gu, Mengzhe Chen, Yafeng Chen, Shiliang Zhang, Wen Wang, Jieping Ye",,,,,,
geiping2022cramming,Cramming,2212.14034v1,2022.12.28,2022.12.28,Cramming: Training a Language Model on a Single GPU in One Day,"Jonas Geiping, Tom Goldstein",,ICML2023,,,,
kumar2023high,DAC,2306.06546v2,2023.06.11,2023.10.26,High-Fidelity Audio Compression with Improved RVQGAN,"Rithesh Kumar, Prem Seetharaman, Alejandro Luebs, Ishaan Kumar, Kundan Kumar",,NeurIPS2023Spotlight,,,Codec,
ho2020denoising,DDPM,2006.11239v2,2020.06.19,2020.12.16,Denoising Diffusion Probabilistic Models,"Jonathan Ho, Ajay Jain, Pieter Abbeel",,NeurIPS2020,,,,
rafailov2023direct,DPO,2305.18290v3,2023.05.29,2024.07.29,Direct Preference Optimization: Your Language Model Is Secretly a Reward Model,"Rafael Rafailov, Archit Sharma, Eric Mitchell, Stefano Ermon, Christopher D. Manning, Chelsea Finn",,NeurIPS2024,,,,
sohn2026dtm-codec,DTM-Codec,2606.29480v1,2026.06.28,2026.06.28,DTM-Codec: Dynamic Token Masking for VFR Speech Coding With Efficient Boundary Selection,"Hoyeol Sohn, Juhan Nam",,,,,,
arik2017deepvoice,DeepVoice,1702.07825v2,2017.02.25,2017.03.07,Deep Voice: Real-Time Neural Text-to-Speech,"Sercan O. Arik, Mike Chrzanowski, Adam Coates, Gregory Diamos, Andrew Gibiansky, Yongguo Kang, Xian Li, John Miller, Andrew Ng, Jonathan Raiman, Shubho Sengupta, Mohammad Shoeybi",,,,,,
arik2017deepvoice2,DeepVoice2,1705.08947v2,2017.05.24,2017.09.20,Deep Voice 2: Multi-Speaker Neural Text-to-Speech,"Sercan Arik, Gregory Diamos, Andrew Gibiansky, John Miller, Kainan Peng, Wei Ping, Jonathan Raiman, Yanqi Zhou",,,,,,
ping2017deepvoice3,DeepVoice3,1710.07654v3,2017.10.20,2018.02.22,Deep Voice 3: Scaling Text-to-Speech With Convolutional Sequence Learning,"Wei Ping, Kainan Peng, Andrew Gibiansky, Sercan O. Arik, Ajay Kannan, Sharan Narang, Jonathan Raiman, John Miller",,ICLR2018,,,,
,DeepVoice3,,,,,,,,,,,
peebles2022scalable,DiT,2212.09748v2,2022.12.19,2023.03.02,Scalable Diffusion Models With Transformers,"William Peebles, Saining Xie",,ICCV2023,,,,
lee2024ditto-tts,DiTTo-TTS,2406.11427v2,2024.06.17,2025.02.17,DiTTo-TTS: Diffusion Transformers for Scalable Text-to-Speech Without Domain-Specific Factors,"Keon Lee, Dong Won Kim, Jaehyeon Kim, Seungjun Chung, Jaewoong Cho",,,,,,
lee2024ditto-tts,DiTTo-TTS,2406.11427v2,2024.06.17,2025.02.17,DiTTo-TTS: Diffusion Transformers for Scalable Text-to-Speech Without Domain-Specific Factors,"Keon Lee, Dong Won Kim, Jaehyeon Kim, Seungjun Chung, Jaewoong Cho",,,,,,
,DitAR,,,,,,,,,,,
lanchantin2025diverse,DivPO,2501.18101v4,2025.01.30,2025.05.22,Diverse Preference Optimization,"Jack Lanchantin, Angelica Chen, Shehzaad Dhuliawala, Ping Yu, Jason Weston, Sainbayar Sukhbaatar, Ilia Kulikov",,,,,RLHF,
,DualCodec,,,,,,,,,,,
liu2024e1,E1 TTS,2409.09351v1,2024.09.14,2024.09.14,E1 TTS: Simple and Fast Non-Autoregressive TTS,"Zhijun Liu, Shuai Wang, Pengcheng Zhu, Mengxiao Bi, Haizhou Li",,,,,,
,E2 TTS,2406.18009v2,2024.06.26,2024.09.12,E2 TTS: Embarrassingly Easy Fully Non-Autoregressive Zero-Shot TTS,"Sefik Emre Eskimez, Xiaofei Wang, Manthan Thakker, Canrun Li, Chung-Hsien Tsai, Zhen Xiao, Hemin Yang, Zirun Zhu, Min Tang, Xu Tan, Yanqing Liu, Sheng Zhao, Naoyuki Kanda",,,,,,
gao2023e3,E3 TTS,2311.00945v1,2023.11.02,2023.11.02,E3 TTS: Easy End-to-End Diffusion-Based Text to Speech,"Yuan Gao, Nobuyuki Morioka, Yu Zhang, Nanxin Chen",,,,,,
donahue2020end,EATS,2006.03575v3,2020.06.05,2021.03.17,End-to-End Adversarial Text-to-Speech,"Jeff Donahue, Sander Dieleman, Mikołaj Bińkowski, Erich Elsen, Karen Simonyan",,ICLR2021,,,TTS,
dawalatabad2021ecapa-tdnn,ECAPA-TDNN,2104.01466v1,2021.04.03,2021.04.03,ECAPA-TDNN Embeddings for Speaker Diarization,"Nauman Dawalatabad, Mirco Ravanelli, François Grondin, Jenthe Thienpondt, Brecht Desplanques, Hwidong Na",,InterSpeech2021,,,,
song2024ella-v,ELLA-V,2401.07333v1,2024.01.14,2024.01.14,ELLA-V: Stable Neural Codec Language Modeling With Alignment-Guided Sequence Reordering,"Yakun Song, Zhuo Chen, Xiaofei Wang, Ziyang Ma, Xie Chen",,,,,,
zhou2021emotional,ESD,2105.14762v2,2021.05.31,2022.01.10,"Emotional Voice Conversion: Theory, Databases and ESD","Kun Zhou, Berrak Sisman, Rui Liu, Haizhou Li",,SpeechCommunication,,,Dataset,
tian2025espnet-speechlm,ESPnet-SpeechLM,2502.15218v2,2025.02.21,2025.02.24,ESPnet-SpeechLM: An Open Speech Language Model Toolkit,"Jinchuan Tian, Jiatong Shi, William Chen, Siddhant Arora, Yoshiki Masuyama, Takashi Maekaku, Yihan Wu, Junyi Peng, Shikhar Bharadwaj, Yiwen Zhao, Samuele Cornell, Yifan Peng, Xiang Yue, Chao-Han Huck Yang, Graham Neubig, Shinji Watanabe",,,,,,
he2024emilia,Emilia,2407.05361v3,2024.07.07,2024.09.07,"Emilia: An Extensive, Multilingual, and Diverse Speech Dataset for Large-Scale Speech Generation","Haorui He, Zengqiang Shang, Chaoren Wang, Xuyuan Li, Yicheng Gu, Hua Hua, Liwei Liu, Chen Yang, Jiaqi Li, Peiyang Shi, Yuancheng Wang, Kai Chen, Pengyuan Zhang, Zhizheng Wu",,SLT2024,,,,
yang2025emovoice,EmoVoice,2504.12867v4,2025.04.17,2025.08.13,EmoVoice: LLM-Based Emotional Text-to-Speech Model with Freestyle Text Prompting,,,,,,,
défossez2022high,EnCodec,2210.13438v1,2022.10.24,2022.10.24,High Fidelity Neural Audio Compression,"Alexandre Défossez, Jade Copet, Gabriel Synnaeve, Yossi Adi",,,,,,
chen2024f5-tts,F5-TTS,2410.06885v3,2024.10.09,2025.05.20,F5-TTS: A Fairytaler That Fakes Fluent and Faithful Speech With Flow Matching,"Yushen Chen, Zhikang Niu, Ziyang Ma, Keqi Deng, Chunhui Wang, Jian Zhao, Kai Yu, Xie Chen",,,,,,
wang2025felle,FELLE,2502.11128v2,2025.02.16,2025.09.03,FELLE: Autoregressive Speech Synthesis With Token-Wise Coarse-to-Fine Flow Matching,"Hui Wang, Shujie Liu, Lingwei Meng, Jinyu Li, Yifan Yang, Shiwan Zhao, Haiyang Sun, Yanqing Liu, Haoqin Sun, Jiaming Zhou, Yan Lu, Yong Qin",,,,,,
lipman2022flow,FM,2210.02747v2,2022.10.06,2023.02.08,Flow Matching For Generative Modeling,,,,,,Basic,
ren2019fastspeech,FastSpeech,1905.09263v5,2019.05.22,2019.11.20,FastSpeech: Fast Robust and Controllable Text to Speech,"Yi Ren, Yangjun Ruan, Xu Tan, Tao Qin, Sheng Zhao, Zhou Zhao, Tie-Yan Liu","ZheJiangUniversity, Microsoft",NeurIPS2019,https://dl.acm.org/doi/abs/10.5555/3454287.3454572,https://speechresearch.github.io/fastspeech,,
ren2020fastspeech2,FastSpeech2,2006.04558v8,2020.06.08,2022.08.08,FastSpeech2: Fast and High-Quality End-to-End Text to Speech,"Yi Ren, Chenxu Hu, Xu Tan, Tao Qin, Sheng Zhao, Zhou Zhao, Tie-Yan Liu",ZheJiangUniversity/MSRA/MicrosoftAzureSpeech,ICLR2021,https://openreview.net/forum?id=piLPYqxtWuA,https://speechresearch.github.io/fastspeech2,,
zhou2020finecombo-tts,FineComboTTS,2606.19209v1,2026.06.17,2026.06.17,FineCombo-TTS: Collaborative and Precise Controllable Speech Synthesis Using Text Descriptions and Reference Speech,"Shuoyi Zhou, Yixuan Zhou, Peiji Yang, Yifan Hu, Yicheng Zhong, Zhisheng Wang, Zhiyong Wu","THU(SZ)@CHN,IMU@CHN, Tecent@CHN",InterSpeech2026,,https://thuhcsi.github.io/interspeech2026-FineCombo-TTS,,
guo2024fireredtts,FireRedTTS,2409.03283v2,2024.09.05,2025.04.11,FireRedTTS: A Foundation Text-to-Speech Framework for Industry-Level Generative Speech Applications,"Hao-Han Guo, Yao Hu, Kun Liu, Fei-Yu Shen, Xu Tang, Yi-Chen Wu, Feng-Long Xie, Kun Xie, Kai-Tuo Xu",,,,,,
xie2025fireredtts-2,FireRedTTS-2,2509.02020v2,2025.09.02,2025.09.04,FireRedTTS-2: Towards Long Conversational Speech Generation for Podcast and Chatbot,"Kun Xie, Feiyu Shen, Junjie Li, Fenglong Xie, Xu Tang, Yao Hu",,,,,,
liao2026fish,FishAudioS2,2603.08823v2,2026.03.09,2026.03.11,Fish Audio S2 Technical Report,"Shijia Liao, Yuxuan Wang, Songting Liu, Yifan Cheng, Ruoyi Zhang, Tianyu Li, Shidong Li, Yisheng Zheng, Xingwei Liu, Qingzheng Wang, Zhizhuo Zhou, Jiahua Liu, Xin Chen, Dawei Han",,,,,,
li2025flespeech,FleSpeech,2501.04644v2,2025.01.08,2025.04.30,FleSpeech: Flexibly Controllable Speech Generation with Various Prompts,"Hanzhao Li, Yuke Li, Xinsheng Wang, Jingbin Hu, Qicong Xie, Shan Yang, Lei Xie",,,,,,
chen2026flexivoice,FlexiVoice,2601.04656v1,2026.01.08,2026.01.08,FlexiVoice: Enabling Flexible Style Control in Zero-Shot TTS With Natural Language Instructions,"Dekun Chen, Xueyao Zhang, Yuancheng Wang, Kenan Dai, Li Ma, Zhizheng Wu",,,,,,
zeng2024glm-4-voice,GLM-4-Voice,2412.02612v1,2024.12.03,2024.12.03,GLM-4-Voice: Towards Intelligent and Human-Like End-to-End Spoken Chatbot,"Aohan Zeng, Zhengxiao Du, Mingdao Liu, Kedong Wang, Shengmin Jiang, Lei Zhao, Yuxiao Dong, Jie Tang",,,,,,
nishimura2024hall-e,HALL-E,2410.04380v1,2024.10.06,2024.10.06,HALL-E: Hierarchical Neural Codec Language Model for Minute-Long Zero-Shot Text-to-Speech Synthesis,"Yuto Nishimura, Takumi Hirose, Masanari Ohi, Hideki Nakayama, Nakamasa Inoue",,,,,,
yang2023hifi-codec,HiFi-Codec,2305.02765v2,2023.05.04,2023.05.07,HiFi-Codec: Group-Residual Vector Quantization for High Fidelity Audio Codec,"Dongchao Yang, Songxiang Liu, Rongjie Huang, Jinchuan Tian, Chao Weng, Yuexian Zou",,,,,,
kong2020hifi-gan,HiFi-GAN,2010.05646v2,2020.10.12,2020.10.23,HiFi-GAN: Generative Adversarial Networks for Efficient and High Fidelity Speech Synthesis,"Jungil Kong, Jaehyeon Kim, Jaekyoung Bae",,,,,,
langman2025hifitts-2,HiFiTTS-2,2506.04152v2,2025.06.04,2025.09.19,HiFiTTS-2: A Large-Scale High Bandwidth Speech Dataset,"Ryan Langman, Xuesong Yang, Paarth Neekhara, Shehzeen Hussain, Edresson Casanova, Evelina Bakhturina, Jason Li",,InterSpeech2025,,,,
,HierSpeech++,,,,,,,,,,,
,HiggsAudiov2,,,,,,,,,,,
,HybridCodec,2606.06743v1,2026.06.04,2026.06.04,HybridCodec: Fast Dual-Stream, Semantically Enhanced Neural Audio Codec,,,,,,
,Imagic,,,,Imagic: Text-Based Real Image Editing with Diffusion Models,,,CVPR2023,,,,
deng2025indextts,IndexTTS,2502.05512v1,2025.02.08,2025.02.08,IndexTTS: An Industrial-Level Controllable and Efficient Zero-Shot Text-to-Speech System,"Wei Deng, Siyi Zhou, Jingchen Shu, Jinchao Wang, Lu Wang",,,,,,
zhou2025indextts2,IndexTTS2,2506.21619v2,2025.06.23,2025.09.03,IndexTTS2: A Breakthrough in Emotionally Expressive and Duration-Controlled Auto-Regressive Zero-Shot Text-to-Speech,"Siyi Zhou, Yiquan Zhou, Yi He, Xun Zhou, Jinchao Wang, Wei Deng, Jingchen Shu",,,,,,
li2026indextts,IndexTTS2.5,2601.03888v3,2026.01.07,2026.01.09,IndexTTS 2.5 Technical Report,"Yunpei Li, Xun Zhou, Jinchao Wang, Lu Wang, Yong Wu, Siyi Zhou, Yiquan Zhou, Jingchen Shu",,,,,,
yang2023instructtts,InstructTTS,2301.13662v2,2023.01.31,2023.06.25,InstructTTS: Modelling Expressive TTS in Discrete Latent Space with Natural Language Style Prompt,"Dongchao Yang, Songxiang Liu, Rongjie Huang, Chao Weng, Helen Meng",,TASLP2024,,,,
huang2025instructttseval,Instructttseval,2506.16381v1,2025.06.19,2025.06.19,InstructTTSEval: Benchmarking Complex Natural-Language Instruction Following in Text-to-Speech Systems,"Kexin Huang, Qian Tu, Liwei Fan, Chenchen Yang, Dong Zhang, Shimin Li, Zhaoye Fei, Qinyuan Cheng, Xipeng Qiu",,,,,,
xia2024kall-e,KALL-E,2412.16846v2,2024.12.22,2025.09.17,KALL-E: Autoregressive Speech Synthesis With Next-Distribution Prediction,"Kangxiang Xia, Xinfa Zhu, Jixun Yao, Wenjie Tian, Wenhao Li, Lei Xie",,,,,,
kimiteam2025kimi-audio,Kimi-Audio,2504.18425v1,2025.04.25,2025.04.25,Kimi-Audio Technical Report,"KimiTeam, Ding Ding, Zeqian Ju, Yichong Leng, Songxiang Liu, Tong Liu, Zeyu Shang, Kai Shen, Wei Song, Xu Tan, Heyi Tang, Zhengtao Wang, Chu Wei, Yifei Xin, Xinran Xu, Jianwei Yu, Yutao Zhang, Xinyu Zhou, Y. Charles, Jun Chen, Yanru Chen, Yulun Du, Weiran He, Zhenxing Hu, Guokun Lai, Qingcheng Li, Yangyang Liu, Weidong Sun, Jianzhou Wang, Yuzhi Wang, Yuefeng Wu, Yuxin Wu, Dongchao Yang, Hao Yang, Ying Yang, Zhilin Yang, Aoxiong Yin, Ruibin Yuan, Yutong Zhang, Zaida Zhou",,,,,,
,L3AC,2504.04949v2,2025.04.07,2025.08.15,L3AC: Towards a Lightweight and Lossless Audio Codec,"Linwei Zhai, Han Ding, Cui Zhao, fei wang, Ge Wang, Wang Zhi, Wei Xi",,,,,Codec,https://github.com/zhai-lw/L3AC
ye2025llasa,LLaSA,2502.04128v2,2025.02.06,2025.02.22,Llasa: Scaling Train-Time and Inference-Time Compute for Llama-Based Speech Synthesis,"Zhen Ye, Xinfa Zhu, Chi-Min Chan, Xinsheng Wang, Xu Tan, Jiahe Lei, Yi Peng, Haohe Liu, Yizhu Jin, Zheqi Dai, Hongzhan Lin, Jianyi Chen, Xingjian Du, Liumeng Xue, Yunlin Chen, Zhifei Li, Lei Xie, Qiuqiang Kong, Yike Guo, Wei Xue",,,,,,
,LSTM,,,,,,,,,,,
du2023lauragpt,LauraGPT,2310.04673v4,2023.10.07,2024.07.03,"LauraGPT: Listen, Attend, Understand, and Regenerate Audio With GPT","Zhihao Du, Jiaming Wang, Qian Chen, Yunfei Chu, Zhifu Gao, Zerui Li, Kai Hu, Xiaohuan Zhou, Jin Xu, Ziyang Ma, Wen Wang, Siqi Zheng, Chang Zhou, Zhijie Yan, Shiliang Zhang",,,,,,
kahn2019libri-light,Libri-Light,1912.07875v1,2019.12.17,2019.12.17,Libri-Light: A Benchmark for ASR With Limited or No Supervision,"Jacob Kahn, Morgane Rivière, Weiyi Zheng, Evgeny Kharitonov, Qiantong Xu, Pierre-Emmanuel Mazaré, Julien Karadayi, Vitaliy Liptchinsky, Ronan Collobert, Christian Fuegen, Tatiana Likhomanenko, Gabriel Synnaeve, Armand Joulin, Abdelrahman Mohamed, Emmanuel Dupoux",,,,,,
,LibriSpeech,,,,Librispeech: an asr corpus based on public domain audio books,,,ICASSP2015,,,,
,LibriTTS,,,,,,,,,,,
,LibriVox,,,,,LibriVox: Free Public Domain Audiobooks,,,,,,
kang2023libriheavy,Libriheavy,2309.08105v2,2023.09.15,2024.01.15,"Libriheavy: A 50,000 Hours ASR Corpus With Punctuation Casing and Context","Wei Kang, Xiaoyu Yang, Zengwei Yao, Fangjun Kuang, Yifan Yang, Liyong Guo, Long Lin, Daniel Povey",,ICASSP2024,,,Dataset,
kawamura2024libritts-p,Libritts-P,2406.07969v1,2024.06.12,2024.06.12,Libritts-P: A Corpus with Speaking Style and Speaker Identity Prompts For Text-to-Speech and Style Captioning,,,,,,Dataset,
koizumi2023libritts-r,Libritts-R,2305.18802v1,2023.05.30,2023.05.30,Libritts-R: A Restored Multi-Speaker Text-to-Speech Corpus,,,,,,Dataset,
hu2021lora,LoRA,2106.09685v2,2021.06.17,2021.10.16,LoRA: Low-Rank Adaptation of Large Language Models,"Edward J. Hu, Yelong Shen, Phillip Wallis, Zeyuan Allen-Zhu, Yuanzhi Li, Shean Wang, Lu Wang, Weizhu Chen",,,,,,
xin2026longcat-audiodit,LongCat-AudioDiT,2603.29339v1,2026.03.31,2026.03.31,LongCat-AudioDiT: High-Fidelity Diffusion Text-to-Speech in the Waveform Latent Space,"Detai Xin, Shujie Hu, Chengzuo Yang, Chen Huang, Guoqiao Yu, Guanglu Wan, Xunliang Cai",,,,,,
mai2026magic-tts,MAGIC-TTS,2604.21164v2,2026.04.23,2026.04.27,MAGIC-TTS: Fine-Grained Controllable Speech Synthesis with Explicit Local Duration and Pause Control,"Jialong Mai, Xiaofen Xing, Xiangmin Xu",,,,https://yongaifadian1.github.io/MAGIC-TTS,TTS,https://github.com/yongaifadian1/MAGIC-TTS
,MARS6,,,,,,,,,,,
"mohammad2025speak,",MAVE,2510.04738v1,2025.10.06,2025.10.06,"Speak, Edit, Repeat: High-Fidelity Voice Editing and Zero-Shot TTS With Cross-Attentive Mamba","Baher Mohammad, Magauiya Zhussip, Stamatios Lefkimmiatis",,,,,,
,MDCTCodec,,,,,,,,,,,
an2025mela-tts,MELA-TTS,2509.14784v2,2025.09.18,2026.01.26,MELA-TTS: Joint Transformer-Diffusion Model with Representation Alignment for Speech Synthesis,"Keyu An, Zhiyu Zhang, Changfeng Gao, Yabin Li, Zhendong Peng, Haoxu Wang, Zhihao Du, Han Zhao, Zhifu Gao, Xiangang Li",,ICASSP2026,,,,
,MELLE,,,,,,,,,,,
pratap2020mls,MLS,2012.03411v2,2020.12.07,2020.12.19,MLS: A Large-Scale Multilingual Dataset For Speech Research,"Vineel Pratap, Qiantong Xu, Anuroop Sriram, Gabriel Synnaeve, Ronan Collobert",,,,,Dataset,
gong2026moss-tts,MOSS-TTS,2603.18090v2,2026.03.18,2026.03.20,MOSS-TTS Technical Report,"Yitian Gong, Botian Jiang, Yiwei Zhao, Yucheng Yuan, Kuangwei Chen, Yaozhou Jiang, Cheng Chang, Dong Hong, Mingshu Chen, Ruixiao Li, Yiyang Zhang, Yang Gao, Hanfu Chen, Ke Chen, Songlin Wang, Xiaogui Yang, Yuqian Zhang, Kexin Huang, ZhengYuan Lin, Kang Yu, Ziqi Chen, Jin Wang, Zhaoye Fei, Qinyuan Cheng, Shimin Li, Xipeng Qiu",,,,,,
zhang2026moss-ttsd,MOSS-TTSD,2603.19739v1,2026.03.20,2026.03.20,MOSS-TTSD: Text to Spoken Dialogue Generation,"Yuqian Zhang, Donghua Yu, Zhengyuan Lin, Botian Jiang, Mingshu Chen, Yaozhou Jiang, Yiwei Zhao, Yiyang Zhang, Yucheng Yuan, Hanfu Chen, Kexin Huang, Jun Zhan, Cheng Chang, Zhaoye Fei, Shimin Li, Xiaogui Yang, Qinyuan Cheng, Xipeng Qiu",,,,,,
wang2024maskgct,MaskGCT,2409.00750v3,2024.09.01,2024.10.20,MaskGCT: Zero-Shot Text-to-Speech With Masked Generative Codec Transformer,"Yuancheng Wang, Haoyue Zhan, Liwei Liu, Ruihong Zeng, Haotian Guo, Jiachen Zheng, Qiang Zhang, Xueyao Zhang, Shunsi Zhang, Zhizheng Wu",,,,,,
mehta2023matcha-tts,Matcha-TTS,2309.03199v2,2023.09.06,2024.01.09,Matcha-TTS: A Fast TTS Architecture With Conditional Flow Matching,"Shivam Mehta, Ruibo Tu, Jonas Beskow, Éva Székely, Gustav Eje Henter",,,,,,
jiang2023mega-tts,Mega-TTS,2306.03509v1,2023.06.06,2023.06.06,Mega-TTS: Zero-Shot Text-to-Speech at Scale With Intrinsic Inductive Bias,"Ziyue Jiang, Yi Ren, Zhenhui Ye, Jinglin Liu, Chen Zhang, Qian Yang, Shengpeng Ji, Rongjie Huang, Chunfeng Wang, Xiang Yin, Zejun Ma, Zhou Zhao",,,,,,
jiang2025megatts,MegaTTS3,2502.18924v4,2025.02.26,2025.03.28,MegaTTS 3: Sparse Alignment Enhanced Latent Diffusion Transformer for Zero-Shot Speech Synthesis,"Ziyue Jiang, Yi Ren, Ruiqi Li, Shengpeng Ji, Boyang Zhang, Zhenhui Ye, Chen Zhang, Bai Jionghao, Xiaoda Yang, Jialong Zuo, Yu Zhang, Rui Liu, Xiang Yin, Zhou Zhao",,,,,,
min2021meta-stylespeech,Meta-StyleSpeech,2106.03153v3,2021.06.06,2021.06.16,Meta-StyleSpeech: Multi-Speaker Adaptive Text-to-Speech Generation,"Dongchan Min, Dong Bok Lee, Eunho Yang, Sung Ju Hwang",,ICML2021,,,,
llm-core2025mimo-audio,Mimo-Audio,2512.23808v1,2025.12.29,2025.12.29,MiMo-Audio: Audio Language Models Are Few-Shot Learners,"Xiaomi LLM-Core Team, :, Dong Zhang, Gang Wang, Jinlong Xue, Kai Fang, Liang Zhao, Rui Ma, Shuhuai Ren, Shuo Liu, Tao Guo, Weiji Zhuang, Xin Zhang, Xingchen Song, Yihan Yan, Yongzhe He, Cici, Bowen Shen, Chengxuan Zhu, Chong Ma, Chun Chen, Heyu Chen, Jiawei Li, Lei Li, Menghang Zhu, Peidian Li, Qiying Wang, Sirui Deng, Weimin Xiong, Wenshan Huang, Wenyu Yang, Yilin Jiang, Yixin Yang, Yuanyuan Tian, Yue Ma, Yue Yu, Zihan Zhang, Zihao Yue, Bangjun Xiao, Bingquan Xia, Bofei Gao, Bowen Ye, Can Cai, Chang Liu, Chenhong He, Chunan Li, Dawei Zhu, Duo Zhang, Fengyuan Shi, Guoan Wang, Hailin Zhang, Hanglong Lv, Hanyu Li, Hao Tian, Heng Qu, Hongshen Xu, Houbin Zhang, Huaqiu Liu, Jiangshan Duo, Jianguang Zuo, Jianyu Wei, Jiebao Xiao, Jinhao Dong, Jun Shi, Junhao Hu, Kainan Bao, Kang Zhou, Linghao Zhang, Meng Chen, Nuo Chen, Peng Zhang, Qianli Chen, Qiantong Wang, Rang Li, Shaohui Liu, Shengfan Wang, Shicheng Li, Shihua Yu, Shijie Cao, Shimao Chen, Shuhao Gu, Weikun Wang, Wenhan Ma, Xiangwei Deng, Xing Yong, Xing Zhang, Xu Wang, Yifan Song, Yihao Zhao, Yingbo Zhao, Yizhao Gao, Yu Cheng, Yu Tu, Yudong Wang, Zhaojun Huang, Zhengju Tang, Zhenru Lin, Zhichao Song, Zhipeng Xu, Zhixian Zheng, Zihan Jiang",,,,,,
ai2025ming-omni,Ming-Omni,2506.09344v1,2025.06.11,2025.06.11,Ming-Omni: A Unified Multimodal Model for Perception and Generation,"Inclusion AI, Biao Gong, Cheng Zou, Chuanyang Zheng, Chunluan Zhou, Canxiang Yan, Chunxiang Jin, Chunjie Shen, Dandan Zheng, Fudong Wang, Furong Xu, GuangMing Yao, Jun Zhou, Jingdong Chen, Jianxin Sun, Jiajia Liu, Jianjiang Zhu, Jun Peng, Kaixiang Ji, Kaiyou Song, Kaimeng Ren, Libin Wang, Lixiang Ru, Lele Xie, Longhua Tan, Lyuxin Xue, Lan Wang, Mochen Bai, Ning Gao, Pei Chen, Qingpei Guo, Qinglong Zhang, Qiang Xu, Rui Liu, Ruijie Xiong, Sirui Gao, Tinghao Liu, Taisong Li, Weilong Chai, Xinyu Xiao, Xiaomei Wang, Xiaoxue Chen, Xiao Lu, Xiaoyu Li, Xingning Dong, Xuzheng Yu, Yi Yuan, Yuting Gao, Yunxiao Sun, Yipeng Chen, Yifei Wu, Yongjie Lyu, Ziping Ma, Zipeng Feng, Zhijiang Fang, Zhihao Qiu, Ziyuan Huang, Zhengyu He",,,,,,
team2025minicpm4,MiniCPM4,2506.07900v2,2025.06.09,2025.09.04,MiniCPM4: Ultra-Efficient LLMs on End Devices,"MiniCPM Team, Chaojun Xiao, Yuxuan Li, Xu Han, Yuzhuo Bai, Jie Cai, Haotian Chen, Wentong Chen, Xin Cong, Ganqu Cui, Ning Ding, Shengda Fan, Yewei Fang, Zixuan Fu, Wenyu Guan, Yitong Guan, Junshao Guo, Yufeng Han, Bingxiang He, Yuxiang Huang, Baoxi Ji, Cunliang Kong, Qiuzuo Li, Siyuan Li, Wenhao Li, Xin Li, Yanghao Li, Yishan Li, Zhen Li, Dan Liu, Biyuan Lin, Yankai Lin, Xiang Long, Quanyu Lu, Yaxi Lu, Peiyan Luo, Hongya Lyu, Litu Ou, Yinxu Pan, Lushi Pu, Zekai Qu, Qundong Shi, Zijun Song, Jiayuan Su, Zhou Su, Ao Sun, Xianghui Sun, Peijun Tang, Fangzheng Wang, Feng Wang, Shuo Wang, Yudong Wang, Zheng Wang, Yesai Wu, Zhenyu Xiao, Jie Xie, Zihao Xie, Xiaoyue Xu, Yukun Yan, Jiarui Yuan, Jinqian Zhang, Kaihuo Zhang, Lei Zhang, Linyue Zhang, Xueren Zhang, Yudi Zhang, Hengyu Zhao, Weilin Zhao, Weilun Zhao, Yuanqian Zhao, Zhi Zheng, Chuyue Zhou, Ge Zhou, Jie Zhou, Wei Zhou, Yanghao Zhou, Zihan Zhou, Zixuan Zhou, Zhiyuan Liu, Guoyang Zeng, Chao Jia, Dahai Li, Maosong Sun",,,,,,
zhang2025minimax-speech,MiniMax-Speech,2505.07916v1,2025.05.12,2025.05.12,MiniMax-Speech: Intrinsic Zero-Shot Text-to-Speech With a Learnable Speaker Encoder,"Bowen Zhang, Congchao Guo, Geng Yang, Hang Yu, Haozhe Zhang, Heidi Lei, Jialong Mai, Junjie Yan, Kaiyue Yang, Mingqi Yang, Peikai Huang, Ruiyang Jin, Sitan Jiang, Weihua Cheng, Yawei Li, Yichen Xiao, Yiying Zhou, Yongmao Zhang, Yuan Lu, Yucen He",,,,,,
chen2026mint-bench,Mint-Bench,2604.17958v1,2026.04.20,2026.04.20,MINT-Bench: A Comprehensive Multilingual Benchmark for Instruction-Following Text-to-Speech,"Huakang Chen, Jingbin Hu, Liumeng Xue, Qirui Zhan, Wenhao Li, Guobin Ma, Hanke Xie, Dake Guo, Linhan Ma, Yuepeng Jiang, Bengu Wu, Pengyuan Xie, Chuan Xie, Qiang Zhang, Lei Xie",,,,,,
zhao2024monoformer,Monoformer,2409.16280v1,2024.09.24,2024.09.24,MonoFormer: One Transformer for Both Diffusion and Autoregression,"Chuyang Zhao, Yuxing Song, Wenhao Wang, Haocheng Feng, Errui Ding, Yifan Sun, Xinyan Xiao, Jingdong Wang",,,,,,
défossez2024moshi,Moshi,2410.00037v2,2024.09.17,2024.10.02,Moshi: A Speech-Text Foundation Model for Real-Time Dialogue,"Alexandre Défossez, Laurent Mazaré, Manu Orsini, Amélie Royer, Patrick Pérez, Hervé Jégou, Edouard Grave, Neil Zeghidour",,,,,,
huang2026moss-voicegenerator,Moss-voicegenerator,2603.28086v1,2026.03.30,2026.03.30,MOSS-VoiceGenerator: Create Realistic Voices With Natural Language Descriptions,"Kexin Huang, Liwei Fan, Botian Jiang, Yaozhou Jiang, Qian Tu, Jie Zhu, Yuqian Zhang, Yiwei Zhao, Chenchen Yang, Zhaoye Fei, Shimin Li, Xiaogui Yang, Qinyuan Cheng, Xipeng Qiu",,,,,,
copet2023simple,MusicGen,2306.05284v3,2023.06.08,2024.01.30,Simple and Controllable Music Generation,,,NeurIPS2023,,,,
tan2022naturalspeech,NaturalSpeech,2205.04421v2,2022.05.09,2022.05.10,NaturalSpeech: End-to-End Text to Speech Synthesis With Human-Level Quality,"Xu Tan, Jiawei Chen, Haohe Liu, Jian Cong, Chen Zhang, Yanqing Liu, Xi Wang, Yichong Leng, Yuanhao Yi, Lei He, Frank Soong, Tao Qin, Sheng Zhao, Tie-Yan Liu",,,,,,
shen2023naturalspeech,NaturalSpeech2,2304.09116v3,2023.04.18,2023.05.30,NaturalSpeech 2: Latent Diffusion Models Are Natural and Zero-Shot Speech and Singing Synthesizers,"Kai Shen, Zeqian Ju, Xu Tan, Yanqing Liu, Yichong Leng, Lei He, Tao Qin, Sheng Zhao, Jiang Bian",,,,,,
ju2024naturalspeech3,NaturalSpeech3,2403.03100v3,2024.03.05,2024.04.23,NaturalSpeech3: Zero-Shot Speech Synthesis with Factorized Codec and Diffusion Models,,,ICML2024Oral,,,,
ren2026ov-instructtts,OV-InstructTTS,2601.01459v1,2026.01.04,2026.01.04,OV-InstructTTS: Towards Open-Vocabulary Instruct Text-to-Speech,"Yong Ren, Jiangyan Yi, Jianhua Tao, Haiyang Sun, Zhengqi Wen, Hao Gu, Le Xu, Ye Bai",,,,,,
zhu2026omnivoice,OmniVoice,2604.00688v3,2026.04.01,2026.04.21,OmniVoice: Towards Omnilingual Zero-Shot Text-to-Speech With Diffusion Language Models,"Han Zhu, Lingxuan Ye, Wei Kang, Zengwei Yao, Liyong Guo, Fangjun Kuang, Zhifeng Han, Weiji Zhuang, Long Lin, Daniel Povey",,,,,,
,OpenAudioS1,,,,,,,,,,,
tian2025opuslm,OpusLM,2506.17611v1,2025.06.21,2025.06.21,OpusLM: A Family of Open Unified Speech Language Models,"Jinchuan Tian, William Chen, Yifan Peng, Jiatong Shi, Siddhant Arora, Shikhar Bharadwaj, Takashi Maekaku, Yusuke Shinohara, Keita Goto, Xiang Yue, Huck Yang, Shinji Watanabe",,,,,,
,PALLE,2504.10352v3,2025.04.14,2025.08.05,Pseudo-Autoregressive Neural Codec Language Models for Efficient Zero-Shot Text-to-Speech Synthesis,"Yifan Yang, Shujie Liu, Jinyu Li, Yuxuan Hu, Haibin Wu, Hui Wang, Jianwei Yu, Lingwei Meng, Haiyang Sun, Yanqing Liu, Yan Lu, Kai Yu, Xie Chen",,ACMMM2025,,https://microsoft.com/research/project/vall-e-x/palle,,
,PESQ,,,,,,,,,,,
gao2022paraformer,Paraformer,2206.08317v3,2022.06.16,2023.03.30,Paraformer: Fast and Accurate Parallel Transformer for Non-Autoregressive End-to-End Speech Recognition,"Zhifu Gao, Shiliang Zhang, Ian McLoughlin, Zhijie Yan",,,,,,
liu2023promptstyle,PromptStyle,2305.19522v2,2023.05.31,2023.06.01,PromptStyle: Controllable Style Transfer for Text-to-Speech with Natural Language Descriptions,"Guanghou Liu, Yongmao Zhang, Yi Lei, Yunlin Chen, Rui Wang, Zhifei Li, Lei Xie",,,,,,
guo2022prompttts,PromptTTS,2211.12171v1,2020.11.22,2020.11.22,PromptTTS: Controllable Text-to-Speech with Text Descriptions,"Zhifang Guo, Yichong Leng, Yihan Wu, Sheng Zhao, Xu Tan",,ICASSP2023,,,,
shimizu2023prompttts++,PromptTTS++,2309.08140v2,2023.09.15,2023.12.27,PromptTTS++: Controlling Speaker Identity in Prompt-Based Text-to-Speech Using Natural Language Descriptions,"Reo Shimizu, Ryuichi Yamamoto, Masaya Kawamura, Yuma Shirahata, Hironori Doi, Tatsuya Komatsu, Kentaro Tachibana",,ICASSP2024,,,,
leng2023prompttts2,PromptTTS2,2309.02285v2,2023.09.05,2023.10.12,PromptTTS2: Describing and Generating Voices with Text Prompt,"Yichong Leng, Zhifang Guo, Kai Shen, Xu Tan, Zeqian Ju, Yanqing Liu, Yufei Liu, Dongchao Yang, Leying Zhang, Kaitao Song, Lei He, Xiang-Yang Li, Sheng Zhao, Tao Qin, Jiang Bian",,,,https://speechresearch.github.io/prompttts2,,
choi2026prosocodec,ProsoCodec,2606.21888v1,2026.06.20,2026.06.20,ProsoCodec: Prosody-Oriented Speech Codec for Voice Conversion,"Jeongsoo Choi, Ji-Hoon Kim, Shujie Hu, Joon Son Chung",,,,,,
xu2025qwen2.5-omni,Qwen2.5-Omni,2503.20215v1,2025.03.26,2025.03.26,Qwen2.5-Omni Technical Report,"Jin Xu, Zhifang Guo, Jinzheng He, Hangrui Hu, Ting He, Shuai Bai, Keqin Chen, Jialin Wang, Yang Fan, Kai Dang, Bin Zhang, Xiong Wang, Yunfei Chu, Junyang Lin",,,,,,
xu2025qwen3-omni,Qwen3-Omni,2509.17765v1,2025.09.22,2025.09.22,Qwen3-Omni Technical Report,"Jin Xu, Zhifang Guo, Hangrui Hu, Yunfei Chu, Xiong Wang, Jinzheng He, Yuxuan Wang, Xian Shi, Ting He, Xinfa Zhu, Yuanjun Lv, Yongqi Wang, Dake Guo, He Wang, Linhan Ma, Pei Zhang, Xinyu Zhang, Hongkun Hao, Zishan Guo, Baosong Yang, Bin Zhang, Ziyang Ma, Xipin Wei, Shuai Bai, Keqin Chen, Xuejing Liu, Peng Wang, Mingkun Yang, Dayiheng Liu, Xingzhang Ren, Bo Zheng, Rui Men, Fan Zhou, Bowen Yu, Jianxin Yang, Le Yu, Jingren Zhou, Junyang Lin",,,,,,
hu2026qwen3-tts,Qwen3-TTS,2601.15621v1,2026.01.22,2026.01.22,Qwen3-TTS Technical Report,"Hangrui Hu, Xinfa Zhu, Ting He, Dake Guo, Bin Zhang, Xiong Wang, Zhifang Guo, Ziyue Jiang, Hongkun Hao, Zishan Guo, Xinyu Zhang, Pei Zhang, Baosong Yang, Jin Xu, Jingren Zhou, Junyang Lin",,,,,,
,Reflow-TTS,,,,Reflow-tts: A rectified flow model for high-fidelity text-to-speech,,,ICASSP2024,,,,
,Roformer,,,,Roformer: Enhanced transformer with rotary position embedding,,,Neurocomputing2024,,,,
tang2023salmonn,SALMONN,2310.13289v2,2023.10.20,2024.04.08,SALMONN: Towards Generic Hearing Abilities for Large Language Models,"Changli Tang, Wenyi Yu, Guangzhi Sun, Xianzhao Chen, Tian Tan, Wei Li, Lu Lu, Zejun Ma, Chao Zhang",,,,,,
kim2023sc,SC VALL-E,2307.10550v1,2023.07.20,2023.07.20,SC VALL-E: Style-Controllable Zero-Shot Text to Speech Synthesizer,"Daegyeom Kim, Seongho Hong, Yong-Hoon Choi",,,,,,
kim2026sdp-codec,SDP-Codec,2606.21157v1,2026.06.19,2026.06.19,SDP-Codec: A Speaker-Decoupled Speech Codec With Pitch Injection for Low-Bitrate Coding and Zero-Shot Voice Conversion,"Hounsu Kim, Juhan Nam",,,,,,
,SEGAN,,,,,,,,,,,
kharitonov2023speak,SPEAR-TTS,,,,"Speak, Read and Prompt: High-Fidelity Text-to-Speech with Minimal Supervision",,,TACL2023,,,,
olamide2024sttatts,STTATTS,2410.18607v1,2024.10.24,2024.10.24,STTATTS: Unified Speech-to-Text and Text-to-Speech Model,"Hawau Olamide Toyin, Hao Li, Hanan Aldarmaki",,,,,,
,Seamless,,,,,,,,,,,
bai2024seed-asr,Seed-ASR,2407.04675v2,2024.07.05,2024.07.10,Seed-ASR: Understanding Diverse Speech and Contexts With LLM-based Speech Recognition,"Ye Bai, Jingping Chen, Jitong Chen, Wei Chen, Zhuo Chen, Chuang Ding, Linhao Dong, Qianqian Dong, Yujiao Du, Kepan Gao, Lu Gao, Yi Guo, Minglun Han, Ting Han, Wenchao Hu, Xinying Hu, Yuxiang Hu, Deyu Hua, Lu Huang, Mingkun Huang, Youjia Huang, Jishuo Jin, Fanliu Kong, Zongwei Lan, Tianyu Li, Xiaoyang Li, Zeyang Li, Zehua Lin, Rui Liu, Shouda Liu, Lu Lu, Yizhou Lu, Jingting Ma, Shengtao Ma, Yulin Pei, Chen Shen, Tian Tan, Xiaogang Tian, Ming Tu, Bo Wang, Hao Wang, Yuping Wang, Yuxuan Wang, Hanzhang Xia, Rui Xia, Shuangyi Xie, Hongmin Xu, Meng Yang, Bihong Zhang, Jun Zhang, Wanyi Zhang, Yang Zhang, Yawei Zhang, Yijie Zheng, Ming Zou",,,,,,
anastassiou2024seed-tts,Seed-TTS,2406.02430v1,2024.06.04,2024.06.04,Seed-TTS: A Family of High-Quality Versatile Speech Generation Models,"Philip Anastassiou, Jiawei Chen, Jitong Chen, Yuanzhe Chen, Zhuo Chen, Ziyi Chen, Jian Cong, Lelai Deng, Chuang Ding, Lu Gao, Mingqing Gong, Peisong Huang, Qingqing Huang, Zhiying Huang, Yuanyuan Huo, Dongya Jia, Chumin Li, Feiya Li, Hui Li, Jiaxin Li, Xiaoyang Li, Xingxing Li, Lin Liu, Shouda Liu, Sichao Liu, Xudong Liu, Yuchen Liu, Zhengxi Liu, Lu Lu, Junjie Pan, Xin Wang, Yuping Wang, Yuxuan Wang, Zhen Wei, Jian Wu, Chao Yao, Yifeng Yang, Yuanhao Yi, Junteng Zhang, Qidi Zhang, Shuo Zhang, Wenjie Zhang, Yang Zhang, Zilin Zhao, Dejian Zhong, Xiaobin Zhuang",,,,,,
wang2026semavoice,SemaVoice,2605.16964v1,2026.05.16,2026.05.16,SemaVoice: Semantic-Aware Continuous Autoregressive Speech Synthesis,"Huimeng Wang, Hui Lu, Jiajun Deng, Haoning Xu, Youjun Chen, Xueyuan Chen, Zhaoqing Li, Shuhai Peng, Shiyin Kang, Xunying Liu",,,,,,
liu2024semanticodec,SemantiCodec,2405.00233v2,2024.04.30,2024.11.28,SemantiCodec: An Ultra Low Bitrate Semantic Audio Codec for General Sound,"Haohe Liu, Xuenan Xu, Yi Yuan, Mengyue Wu, Wenwu Wang, Mark D. Plumbley",,,,https://haoheliu.github.io/SemantiCodec,Codec,https://github.com/haoheliu/SemantiCodec-inference
yang2024simplespeech,SimpleSpeech2,2408.13893v2,2024.08.25,2024.08.28,SimpleSpeech 2: Towards Simple and Efficient Text-to-Speech With Flow-Based Scalar Latent Transformer Diffusion Models,"Dongchao Yang, Rongjie Huang, Yuanyuan Wang, Haohan Guo, Dading Chong, Songxiang Liu, Xixin Wu, Helen Meng",,,,,,
,SmolLM2,2502.02737v1,2025.02.04,2025.02.04,SmolLM2: When Smol Goes Big - Data-Centric Training of a Small Language Model,"Loubna Ben Allal, Anton Lozhkov, Elie Bakouch, Gabriel Martin Blazquez, Guilherme Penedo, Lewis Tunstall, Andres Marafioti, Hynek Kydlicek, Agustin Piqueres Lajarin, Vaibhav Srivastav, Joshua Lochner, Caleb Fahlgren, Xuan-Son Nguyen, Clementine Fourrier, Ben Burtenshaw, Hugo Larcher, Haojun Zhao, Cyril Zakka, Mathieu Morlon, Colin Raffel, Leandro von Werra, Thomas Wolf",,,,,,
borsos2023soundstorm,SoundStorm,2305.09636v1,2023.05.16,2023.05.16,SoundStorm: Efficient Parallel Audio Generation,"Zalán Borsos, Matt Sharifi, Damien Vincent, Eugene Kharitonov, Neil Zeghidour, Marco Tagliasacchi",,,,,,
zeghidour2021soundstream,SoundStream,2107.03312v1,2021.07.07,2021.07.07,SoundStream: An End-to-End Neural Audio Codec,"Neil Zeghidour, Alejandro Luebs, Ahmed Omran, Jan Skoglund, Marco Tagliasacchi",,,,,,
wang2025spark-tts,Spark-TTS,2503.01710v1,2025.03.03,2025.03.03,Spark-TTS: An Efficient LLM-Based Text-to-Speech Model With Single-Stream Decoupled Speech Tokens,"Xinsheng Wang, Mingqi Jiang, Ziyang Ma, Ziyu Zhang, Songxiang Liu, Linqin Li, Zheng Liang, Qixi Zheng, Rui Wang, Xiaoqin Feng, Weizhen Bian, Zhen Ye, Sitong Cheng, Ruibin Yuan, Zhixian Zhao, Xinfa Zhu, Jiahao Pan, Liumeng Xue, Pengcheng Zhu, Yunlin Chen, Zhifei Li, Xie Chen, Lei Xie, Yike Guo, Wei Xue",,,,,,
,SpeechCraft,,,,,,,,,,,
ao2021speecht5,SpeechT5,2110.07205v3,2021.10.14,2022.05.24,SpeechT5: Unified-Modal Encoder-Decoder Pre-Training for Spoken Language Processing,"Junyi Ao, Rui Wang, Long Zhou, Chengyi Wang, Shuo Ren, Yu Wu, Shujie Liu, Tom Ko, Qing Li, Yu Zhang, Zhihua Wei, Yao Qian, Jinyu Li, Furu Wei",,,,,,
,SpeechTokenizer,,,,,,,,,,,
huang2025step-audio,Step-Audio,2502.11946v2,2025.02.17,2025.02.18,Step-Audio: Unified Understanding and Generation in Intelligent Speech Interaction,"Ailin Huang, Boyong Wu, Bruce Wang, Chao Yan, Chen Hu, Chengli Feng, Fei Tian, Feiyu Shen, Jingbei Li, Mingrui Chen, Peng Liu, Ruihang Miao, Wang You, Xi Chen, Xuerui Yang, Yechang Huang, Yuxiang Zhang, Zheng Gong, Zixin Zhang, Hongyu Zhou, Jianjian Sun, Brian Li, Chengting Feng, Changyi Wan, Hanpeng Hu, Jianchang Wu, Jiangjie Zhen, Ranchen Ming, Song Yuan, Xuelin Zhang, Yu Zhou, Bingxin Li, Buyun Ma, Hongyuan Wang, Kang An, Wei Ji, Wen Li, Xuan Wen, Xiangwen Kong, Yuankai Ma, Yuanwei Liang, Yun Mou, Bahtiyar Ahmidi, Bin Wang, Bo Li, Changxin Miao, Chen Xu, Chenrun Wang, Dapeng Shi, Deshan Sun, Dingyuan Hu, Dula Sai, Enle Liu, Guanzhe Huang, Gulin Yan, Heng Wang, Haonan Jia, Haoyang Zhang, Jiahao Gong, Junjing Guo, Jiashuai Liu, Jiahong Liu, Jie Feng, Jie Wu, Jiaoren Wu, Jie Yang, Jinguo Wang, Jingyang Zhang, Junzhe Lin, Kaixiang Li, Lei Xia, Li Zhou, Liang Zhao, Longlong Gu, Mei Chen, Menglin Wu, Ming Li, Mingxiao Li, Mingliang Li, Mingyao Liang, Na Wang, Nie Hao, Qiling Wu, Qinyuan Tan, Ran Sun, Shuai Shuai, Shaoliang Pang, Shiliang Yang, Shuli Gao, Shanshan Yuan, Siqi Liu, Shihong Deng, Shilei Jiang, Sitong Liu, Tiancheng Cao, Tianyu Wang, Wenjin Deng, Wuxun Xie, Weipeng Ming, Wenqing He, Wen Sun, Xin Han, Xin Huang, Xiaomin Deng, Xiaojia Liu, Xin Wu, Xu Zhao, Yanan Wei, Yanbo Yu, Yang Cao, Yangguang Li, Yangzhen Ma, Yanming Xu, Yaoyu Wang, Yaqiang Shi, Yilei Wang, Yizhuang Zhou, Yinmin Zhong, Yang Zhang, Yaoben Wei, Yu Luo, Yuanwei Lu, Yuhe Yin, Yuchu Luo, Yuanhao Ding, Yuting Yan, Yaqi Dai, Yuxiang Yang, Zhe Xie, Zheng Ge, Zheng Sun, Zhewei Huang, Zhichao Chang, Zhisheng Guan, Zidong Yang, Zili Zhang, Binxing Jiao, Daxin Jiang, Heung-Yeung Shum, Jiansheng Chen, Jing Li, Shuchang Zhou, Xiangyu Zhang, Xinhao Zhang, Yibo Zhu",,,,,,
tian2025step-audio-r1,Step-Audio-R1,2511.15848v2,2025.11.19,2025.11.26,Step-Audio-R1 Technical Report,"Fei Tian, Xiangyu Tony Zhang, Yuxin Zhang, Haoyang Zhang, Yuxin Li, Daijiao Liu, Yayue Deng, Donghang Wu, Jun Chen, Liang Zhao, Chengyuan Yao, Hexin Liu, Eng Siong Chng, Xuerui Yang, Xiangyu Zhang, Daxin Jiang, Gang Yu",,,,,,
minixhofer2024ttsds,TTSDS,2407.12707v3,2024.07.17,2024.12.02,TTSDS -- Text-to-Speech Distribution Score,"Christoph Minixhofer, Ondřej Klejch, Peter Bell",,,,,,
minixhofer2025ttsds2,TTSDS2,2506.19441v2,2025.06.24,2026.03.02,TTSDS2: Resources and Benchmark for Evaluating Human-Quality Text to Speech Systems,"Christoph Minixhofer, Ondrej Klejch, Peter Bell",,,,,,
wang2025tadicodec,TaDiCodec,2508.16790v1,2025.08.22,2025.08.22,TaDiCodec: Text-Aware Diffusion Speech Tokenizer for Speech Language Modeling,"Yuancheng Wang, Dekun Chen, Xueyao Zhang, Junan Zhang, Jiaqi Li, Zhizheng Wu",,,,,,
wang2017taoctron,Tacoton,1703.10135v2,2017.03.29,2017.04.06,Tacotron: Towards End-to-End Speech Synthesis,"Yuxuan Wang, R.J. Skerry-Ryan, Daisy Stanton, Yonghui Wu, Ron J. Weiss, Navdeep Jaitly, Zongheng Yang, Ying Xiao, Zhifeng Chen, Samy Bengio, Quoc Le, Yannis Agiomyrgiannakis, Rob Clark, Rif A. Saurous",Google,InterSpeech2017,https://doi.org/10.21437/Interspeech.2017-1452,,,
,Tacotron2,,,,,,,,,,,
ji2023textrolspeech,TextrolSpeech,2308.14430v1,2023.08.28,2023.08.28,TextrolSpeech: A Text Style Control Speech Corpus with Codec Language Text-to-Speech Models,,,ICASSP2024,,,Dataset,
li2018neural,TransformerTTS,1809.08895v3,2018.09.19,2019.01.30,Neural Speech Synthesis With Transformer Network,"Naihan Li, Shujie Liu, Yanqing Liu, Sheng Zhao, Ming Liu, Ming Zhou",,,,,,
zhou2024transfusion,Transfusion,2408.11039v1,2024.08.20,2024.08.20,Transfusion: Predict the Next Token and Diffuse Images With One Multi-Modal Model,"Chunting Zhou, Lili Yu, Arun Babu, Kushal Tirumala, Michihiro Yasunaga, Leonid Shamis, Jacob Kahn, Xuezhe Ma, Luke Zettlemoyer, Omer Levy",,,,,,
,UTMOS,,,,,,,,,,,
guan2025univoice,UniVoice,2510.04593v3,2025.10.06,2026.06.08,UniVoice: Unifying Autoregressive ASR and Flow-Matching based TTS with Large Language Models,"Wenhao Guan, Zhikang Niu, Ziyue Jiang, Kaidi Wang, Peijie Chen, Qingyang Hong, Lin Li, Xie Chen","XiamenU@CHN, ShanghaiInnovationIns@CHN,ShanghaiJiaoTongU@CHN,ZhejiangU@CHN",InterSpeech2026,,,,https://github.com/gwh22/UniVoice
wang2023neural,VALL-E,2301.02111v1,2023.01.05,2023.01.05,Neural Codec Language Models Are Zero-Shot Text to Speech Synthesizers,,,,,,,
chen2024vall-e,VALL-E 2,2406.05370v2,2024.06.08,2024.06.17,VALL-E 2: Neural Codec Language Models Are Human Parity Zero-Shot Text to Speech Synthesizers,"Sanyuan Chen, Shujie Liu, Long Zhou, Yanqing Liu, Xu Tan, Jinyu Li, Sheng Zhao, Yao Qian, Furu Wei",,,,,,
han2024vall-e,VALL-E R,2406.07855v1,2024.06.12,2024.06.12,VALL-E R: Robust and Efficient Zero-Shot Text-to-Speech Synthesis via Monotonic Alignment,"Bing Han, Long Zhou, Shujie Liu, Sanyuan Chen, Lingwei Meng, Yanming Qian, Yanqing Liu, Sheng Zhao, Jinyu Li, Furu Wei",,,,,,
du2024vall-t,VALL-T,2401.14321v5,2024.01.25,2025.03.14,VALL-T: Decoder-Only Generative Transducer for Robust and Decoding-Controllable Text-to-Speech,"Chenpeng Du, Yiwei Guo, Hankun Wang, Yifan Yang, Zhikang Niu, Shuai Wang, Hui Zhang, Xie Chen, Kai Yu",,,,,,
,VITS,,,,,,,,,,,
peng2025vibevoice,VibeVoice,2508.19205v1,2025.08.26,2025.08.26,VibeVoice Technical Report,"Zhiliang Peng, Jianwei Yu, Wenhui Wang, Yaoyao Chang, Yutao Sun, Li Dong, Yi Zhu, Weijiang Xu, Hangbo Bao, Zehua Wang, Shaohan Huang, Yan Xia, Furu Wei",,,,,,
,VioLA,,,,"Viola: conditional language models for speech recognition, synthesis, and translation",,,TASLP2024,,,,
jiang2026vocodec,VoCodec,2606.05892v1,2026.06.04,2026.06.04,VoCodec: A Low-Bitrate Streamable Neural Speech Codec With Voicing-Driven Quantization,"Xiao-Hang Jiang, Yang Ai, Rui-Chen Zheng, Li-Rong Dai, Zhen-Hua Ling, Ji Wu",,,,,,
jiang2026vocodec,VoCodec,2606.05892v1,2026.06.04,2026.06.04,VoCodec: A Low-Bitrate Streamable Neural Speech Codec With Voicing-Driven Quantization,"Xiao-Hang Jiang, Yang Ai, Rui-Chen Zheng, Li-Rong Dai, Zhen-Hua Ling, Ji Wu",,,,,,
peng2024voicecraft,VoiceCraft,2403.16973v3,2024.03.25,2024.06.14,VoiceCraft: Zero-Shot Speech Editing and Text-to-Speech in the Wild,"Puyuan Peng, Po-Yao Huang, Shang-Wen Li, Abdelrahman Mohamed, David Harwath",,,,,,
sung-bin2025voicecraft-dub,VoiceCraft-Dub,2504.02386v1,2025.04.03,2025.04.03,VoiceCraft-Dub: Automated Video Dubbing With Neural Codec Language Models,"Kim Sung-Bin, Jeongsoo Choi, Puyuan Peng, Joon Son Chung, Tae-Hyun Oh, David Harwath",,,,,,
zheng2025voicecraft-x,VoiceCraft-X,2511.12347v1,2025.11.15,2025.11.15,"VoiceCraft-X: Unifying Multilingual, Voice-Cloning Speech Synthesis and Speech Editing","Zhisheng Zheng, Puyuan Peng, Anuj Diwan, Cong Phuoc Huynh, Xiaohang Sun, Zhu Liu, Vimal Bhat, David Harwath",,,,,,
lee2023voiceldm,VoiceLDM,2309.13664v1,2023.09.24,2023.09.24,VoiceLDM: Text-to-Speech With Environmental Context,"Yeonghyeon Lee, Inmo Yeon, Juhan Nam, Joon Son Chung",,,,,,
hu2026voicesculptor,VoiceSculptor,2601.10629v2,2026.01.15,2026.01.20,"VoiceSculptor: Your Voice, Designed by You","Jingbin Hu, Huakang Chen, Linhan Ma, Dake Guo, Qirui Zhan, Wenhao Li, Haoyu Zhang, Kangxiang Xia, Ziyu Zhang, Wenjie Tian, Chengyou Wang, Jinrui Liang, Shuhan Guo, Zihang Yang, Bengu Wu, Binbin Zhang, Pengcheng Zhu, Pengyuan Xie, Chuan Xie, Qiang Zhang, Jie Liu, Lei Xie",,,,,,
,Voicebox,,,,Voicebox: Text-guided multilingual universal speech generation at scale,,,NeurIPS2024,,,,
zhou2025voxcpm,VoxCPM,2509.24650v1,2025.09.29,2025.09.29,VoxCPM: Tokenizer-Free TTS for Context-Aware Speech Generation and True-to-Life Voice Cloning,"Yixuan Zhou, Guoyang Zeng, Xin Liu, Xiang Li, Renjie Yu, Ziyang Wang, Runchuan Ye, Weiyue Sun, Jiancheng Gui, Kehan Li, Zhiyong Wu, Zhiyuan Liu",,,,,TTS,https://github.com/OpenBMB/VoxCPM
zhou2026voxcpm2,VoxCPM2,2606.06928v1,2026.06.05,2026.06.05,VoxCPM2 Technical Report,"Yixuan Zhou, Guoyang Zeng, Xin Liu, Xiang Li, Renjie Yu, Jiancheng Gui, Jiaheng Wu, Ziyang Wang, Xudong Shen, Runchuan Ye, Zhisheng Zhang, Jiuyang Zhou, Bingsong Bai, Weiyue Sun, Mengyuan Deng, Qundong Shi, Zhiyong Wu, Zhiyuan Liu",,,,,TTS,https://github.com/OpenBMB/VoxCPM
zhou2024voxinstruct,VoxInstruct,2408.15676v1,2024.08.28,2024.08.28,VoxInstruct: Expressive Human Instruction-to-Speech Generation with Unified Multilingual Codec Language Modelling,"Yixuan Zhou, Xiaoyu Qin, Zeyu Jin, Shuoyi Zhou, Shun Lei, Songtao Zhou, Zhiyong Wu, Jia Jia",,ACMMultimedia2024,,,,
,VoxtLM,,,,"Unified decoder-only models for consolidating speech recognition, synthesis and speech, text continuation tasks",,,ICASSP2024,,,,
mistral-ai2026voxtral,VoxtralTTS,2603.25551v2,2026.03.26,2026.04.06,Voxtral TTS,"Mistral-AI, :, Alexander H. Liu, Alexis Tacnet, Andy Ehrenberg, Andy Lo, Chen-Yo Sun, Guillaume Lample, Henry Lagarde, Jean-Malo Delignon, Jaeyoung Kim, John Harvill, Khyathi Raghavi Chandu, Lorenzo Signoretti, Margaret Jennings, Patrick von Platen, Pavankumar Reddy Muddireddy, Rohin Arora, Sanchit Gandhi, Samuel Humeau, Soham Ghosh, Srijan Mishra, Van Phung, Abdelaziz Bounhar, Abhinav Rastogi, Adrien Sadé, Alan Jeffares, Albert Jiang, Alexandre Cahill, Alexandre Gavaudan, Alexandre Sablayrolles, Amélie Héliou, Amos You, Andrew Bai, Andrew Zhao, Angele Lenglemetz, Anmol Agarwal, Anton Eliseev, Antonia Calvi, Arjun Majumdar, Arthur Fournier, Artjom Joosen, Avi Sooriyarachchi, Aysenur Karaduman Utkur, Baptiste Bout, Baptiste Rozière, Baudouin De Monicault, Benjamin Tibi, Bowen Yang, Charlotte Cronjäger, Clémence Lanfranchi, Connor Chen, Corentin Barreau, Corentin Sautier, Cyprien Courtot, Darius Dabert, Diego de las Casas, Elizaveta Demyanenko, Elliot Chane-Sane, Emmanuel Gottlob, Enguerrand Paquin, Etienne Goffinet, Fabien Niel, Faruk Ahmed, Federico Baldassarre, Gabrielle Berrada, Gaëtan Ecrepont, Gauthier Guinet, Genevieve Hayes, Georgii Novikov, Giada Pistilli, Guillaume Kunsch, Guillaume Martin, Guillaume Raille, Gunjan Dhanuka, Gunshi Gupta, Han Zhou, Harshil Shah, Hope McGovern, Hugo Thimonier, Indraneel Mukherjee, Irene Zhang, Jacques Sun, Jan Ludziejewski, Jason Rute, Jérémie Dentan, Joachim Studnia, Jonas Amar, Joséphine Delas, Josselin Somerville Roberts, Julien Tauran, Karmesh Yadav, Kartik Khandelwal, Kilian Tep, Kush Jain, Laurence Aitchison, Laurent Fainsin, Léonard Blier, Lingxiao Zhao, Louis Martin, Lucile Saulnier, Luyu Gao, Maarten Buyl, Manan Sharma, Marie Pellat, Mark Prins, Martin Alexandre, Mathieu Poirée, Mathieu Schmitt, Mathilde Guillaumin, Matthieu Dinot, Matthieu Futeral, Maxime Darrin, Maximilian Augustin, Mert Unsal, Mia Chiquier, Mikhail Biriuchinskii, Minh-Quang Pham, Mircea Lica, Morgane Rivière, Nathan Grinsztajn, Neha Gupta, Olivier Bousquet, Olivier Duchenne, Patricia Wang, Paul Jacob, Paul Wambergue, Paula Kurylowicz, Philippe Pinel, Philomène Chagniot, Pierre Stock, Piotr Miłoś, Prateek Gupta, Pravesh Agrawal, Quentin Torroba, Ram Ramrakhya, Randall Isenhour, Rishi Shah, Romain Sauvestre, Roman Soletskyi, Rosalie Millner, Rupert Menneer, Sagar Vaze, Samuel Barry, Samuel Belkadi, Sandeep Subramanian, Sean Cha, Shashwat Verma, Siddhant Waghjale, Siddharth Gandhi, Simon Lepage, Sumukh Aithal, Szymon Antoniak, Tarun Kumar Vangani, Teven Le Scao, Théo Cachet, Theo Simon Sorg, Thibaut Lavril, Thomas Chabal, Thomas Foubert, Thomas Robert, Thomas Wang, Tim Lawson, Tom Bewley, Tom Edwards, Tyler Wang, Umar Jamil, Umberto Tomasini, Valeriia Nemychnikova, Vedant Nanda, Victor Jouault, Vincent Maladière, Vincent Pfister, Virgile Richard, Vladislav Bataev, Wassim Bouaziz, Wen-Ding Li, William Havard, William Marshall, Xinghui Li, Xingran Guo, Xinyu Yang, Yannic Neuhaus, Yassine El Ouahidi, Yassir Bendou, Yihan Wang, Yimu Pan, Zaccharie Ramzi, Zhenlin Xu",,,,,,
ji2024wavtokenizer,WavTokenizer,2408.16532v3,2024.08.29,2025.02.25,WavTokenizer: An Efficient Acoustic Discrete Codec Tokenizer for Audio Language Modeling,"Shengpeng Ji, Ziyue Jiang, Wen Wang, Yifu Chen, Minghui Fang, Jialong Zuo, Qian Yang, Xize Cheng, Zehan Wang, Ruiqi Li, Ziang Zhang, Xiaoda Yang, Rongjie Huang, Yidi Jiang, Qian Chen, Siqi Zheng, Zhou Zhao",,,,,,
zhou2026wavenext2,WaveNeXt 2,2605.25506v1,2026.05.25,2026.05.25,WaveNeXt 2: ConvNeXt-Based Fast Neural Vocoders With Residual Denoising and Sub-Modeling for GAN and Diffusion Models,"Wangzixi Zhou, Takuma Okamoto, Yamato Ohtani, Sakriani Sakti, Hisashi Kawai",,,,,,
van2016wavenet,WaveNet,1609.03499v2,2016.09.12,2016.09.19,WaveNet: A Generative Model for Raw Audio,"Aaron van den Oord, Sander Dieleman, Heiga Zen, Karen Simonyan, Oriol Vinyals, Alex Graves, Nal Kalchbrenner, Andrew Senior, Koray Kavukcuoglu",,,,,,
kalchbrenner2018efficient,WaveRNN,1802.08435v2,2018.02.23,2018.06.25,Efficient Neural Audio Synthesis,"Nal Kalchbrenner, Erich Elsen, Karen Simonyan, Seb Noury, Norman Casagrande, Edward Lockhart, Florian Stimberg, Aaron van den Oord, Sander Dieleman, Koray Kavukcuoglu",,,,,,
zhang2021wenetspeech,WenetSpeech,2110.03370v5,2021.10.07,2022.02.23,WenetSpeech: A 10000+ Hours Multi-Domain Mandarin Corpus for Speech Recognition,"Binbin Zhang, Hang Lv, Pengcheng Guo, Qijie Shao, Chao Yang, Lei Xie, Xin Xu, Hui Bu, Xiaoyu Chen, Chenchen Zeng, Di Wu, Zhendong Peng",,,,,,
wang2026wenetspeech-wu,WenetSpeech-Wu,2601.11027v1,2026.01.16,2026.01.16,"WenetSpeech-Wu: Datasets, Benchmarks, and Models for a Unified Chinese Wu Dialect Speech Processing Ecosystem","Chengyou Wang, Mingchen Shao, Jingbin Hu, Zeyu Zhu, Hongfei Xue, Bingshen Mu, Xin Xu, Xingyi Duan, Binbin Zhang, Pengcheng Zhu, Chuang Ding, Xiaojun Zhang, Hui Bu, Lei Xie",,,,,,
ma2024wenetspeech4tts,WenetSpeech4TTS,2406.05763v3,2024.06.09,2024.06.19,"WenetSpeech4TTS: A 12,800-Hour Mandarin TTS Corpus for Large Speech Generation Model Benchmark","Linhan Ma, Dake Guo, Kun Song, Yuepeng Jiang, Shuai Wang, Liumeng Xue, Weiming Xu, Huan Zhao, Binbin Zhang, Lei Xie",,,,,,
radford2022robust,Whisper,2212.04356v1,2022.12.06,2022.12.06,Robust Speech Recognition via Large-Scale Weak Supervision,"Alec Radford, Jong Wook Kim, Tao Xu, Greg Brockman, Christine McLeavey, Ilya Sutskever",,,,,,
ye2024codec,X-Codec,2408.17175v3,2024.08.30,2024.11.27,Codec Does Matter: Exploring the Semantic Shortcoming of Codec for Audio Language Model,"Zhen Ye, Peiwen Sun, Jiahe Lei, Hongzhan Lin, Xu Tan, Zheqi Dai, Qiuqiang Kong, Jianyi Chen, Jiahao Pan, Qifeng Liu, Yike Guo, Wei Xue",,,,,,
conneau2020unsupervised,XLSR,2006.13979v2,2020.06.24,2020.12.15,Unsupervised Cross-lingual Representation Learning for Speech Recognition,"Alexis Conneau, Alexei Baevski, Ronan Collobert, Abdelrahman Mohamed, Michael Auli",,,,,,
casanova2024xtts,XTTS,2406.04904v1,2024.06.07,2024.06.07,XTTS: A Massively Multilingual Zero-Shot Text-to-Speech Model,"Edresson Casanova, Kelly Davis, Eren Gölge, Görkem Göknar, Iulian Gulea, Logan Hart, Aya Aljafari, Joshua Meyer, Reuben Morais, Samuel Olayemi, Julian Weber",,,,,,
zhu2025zipvoice,ZipVoice,2506.13053v3,2025.06.16,2025.08.07,ZipVoice: Fast and High-Quality Zero-Shot Text-to-Speech With Flow Matching,"Han Zhu, Wei Kang, Zengwei Yao, Liyong Guo, Fangjun Kuang, Zhaoqing Li, Weiji Zhuang, Long Lin, Daniel Povey",,,,,,
yao2023zipformer,Zipformer,2310.11230v4,2023.10.17,2024.04.10,Zipformer: A Faster and Better Encoder for Automatic Speech Recognition,"Zengwei Yao, Liyong Guo, Xiaoyu Yang, Wei Kang, Fangjun Kuang, Yifan Yang, Zengrui Jin, Long Lin, Daniel Povey",,,,,,
anh2022generative,dGSLM,2203.16502v2,2022.03.30,2022.11.22,Generative Spoken Dialogue Language Modeling,"Tu Anh Nguyen, Eugene Kharitonov, Jade Copet, Yossi Adi, Wei-Ning Hsu, Ali Elkahky, Paden Tomasello, Robin Algayres, Benoit Sagot, Abdelrahman Mohamed, Emmanuel Dupoux",,,,,,
bai2024dmel,dMel,2407.15835v3,2024.07.22,2025.05.21,dMel: Speech Tokenization Made Simple,"Richard He Bai, Tatiana Likhomanenko, Ruixiang Zhang, Zijin Gu, Zakaria Aldeneh, Navdeep Jaitly",,,,,,
chung2022scaling,,2210.11416v5,2022.10.20,2022.12.06,Scaling Instruction-Finetuned Language Models,"Hyung Won Chung, Le Hou, Shayne Longpre, Barret Zoph, Yi Tay, William Fedus, Yunxuan Li, Xuezhi Wang, Mostafa Dehghani, Siddhartha Brahma, Albert Webson, Shixiang Shane Gu, Zhuyun Dai, Mirac Suzgun, Xinyun Chen, Aakanksha Chowdhery, Alex Castro-Ros, Marie Pellat, Kevin Robinson, Dasha Valter, Sharan Narang, Gaurav Mishra, Adams Yu, Vincent Zhao, Yanping Huang, Andrew Dai, Hongkun Yu, Slav Petrov, Ed H. Chi, Jeff Dean, Jacob Devlin, Adam Roberts, Denny Zhou, Quoc V. Le, Jason Wei",,JMLR2024,,,,
hu2023latent,,2312.10825v1,2023.12.17,2023.12.17,Latent Space Editing In Transformer-Based Flow Matching,,,AAAI2024,,,,
hu2023motion,,2312.08895v1,2023.12.14,2023.12.14,Motion Flow Matching For Human Motion Synthesis and Editing,,,,,,,
lyth2024natural,,2402.01912v1,2024.02.02,2024.02.02,Natural Language Guidance of Highfidelity Text-to-Speech with Synthetic Annotations,,,,,,,
lei2023improving,,2309.11977v3,2023.09.21,2024.04.09,Improving Language Model-Based Zero-Shot Text-to-Speech Synthesis With Multi-Scale Acoustic Prompts,"Shun Lei, Yixuan Zhou, Liyang Chen, Dan Luo, Zhiyong Wu, Xixin Wu, Shiyin Kang, Tao Jiang, Yahui Zhou, Yuxing Han, Helen Meng",,ICASSP2024,,,,
dettmers20218-bit,,2110.02861v2,2021.10.06,2022.06.20,8-Bit Optimizers via Block-Wise Quantization,"Tim Dettmers, Mike Lewis, Sam Shleifer, Luke Zettlemoyer",,ICLR2022,,,,
kalamkar2019a,,1905.12322v3,2019.05.29,2019.06.13,A Study of BFLOAT16 for Deep Learning Training,"Dhiraj Kalamkar, Dheevatsa Mudigere, Naveen Mellempudi, Dipankar Das, Kunal Banerjee, Sasikanth Avancha, Dharma Teja Vooturi, Nataraj Jammalamadaka, Jianyu Huang, Hector Yuen, Jiyan Yang, Jongsoo Park, Alexander Heinecke, Evangelos Georganas, Sudarshan Srinivasan, Abhisek Kundu, Misha Smelyanskiy, Bharat Kaul, Pradeep Dubey",,,,,,
karras2023analyzing,,2312.02696v2,2023.12.05,2024.03.20,Analyzing and Improving the Training Dynamics of Diffusion Models,"Tero Karras, Miika Aittala, Jaakko Lehtinen, Janne Hellsten, Timo Aila, Samuli Laine",,,,,,
boesen2015autoencoding,,1512.09300v2,2015.12.31,2016.02.10,Autoencoding Beyond Pixels Using a Learned Similarity Metric,"Anders Boesen Lindbo Larsen, Søren Kaae Sønderby, Hugo Larochelle, Ole Winther",,ICML2016,,,,
fonseca2024can,,2401.10415v2,2024.01.18,2024.06.27,Can Large Language Model Summarizers Adapt to Diverse Scientific Communication Goals?,"Marcio Fonseca, Shay B. Cohen",,,,,,
kim2024clam-tts,,2404.02781v1,2024.04.03,2024.04.03,CLaM-TTS: Improving Neural Codec Language Model for Zero-Shot Text-to-Speech,"Jaehyeon Kim, Keon Lee, Seungjun Chung, Jaewoong Cho",,ICLR2024,,,,
smirnov2024classifier-free,,2412.06846v1,2024.12.08,2024.12.08,Classifier-Free Guidance in LLMs Safety,Roman Smirnov,,,,,,
dinh2016density,,1605.08803v3,2016.05.27,2017.02.27,Density Estimation Using Real NVP,"Laurent Dinh, Jascha Sohl-Dickstein, Samy Bengio",,ICLR2017,,,,
puvvada2023discrete,,2309.10922v1,2023.09.19,2023.09.19,Discrete Audio Representation as an Alternative to Mel-Spectrograms for Speaker and Speech Recognition,"Krishna C. Puvvada, Nithin Rao Koluguri, Kunal Dhawan, Jagadeesh Balam, Boris Ginsburg",,ICASSP2024,,,,
